OrderNum,CustomerAccount,Date
234567891,123456789,12/5/2022
875673423,33445555,12/6/2022
987567843,999887777,12/7/2022
765456318,987654321,12/8/2022
878654432,666884444,11/30/2022
887564321,453453453,12/11/2022
987654690,987987987,4/11/2021
675123456,888665555,12/12/2022
563212657,888866666,12/13/2022
875345654,565656565,11/10/2022
323156321,123123123,11/15/2022
765346322,909090909,4/16/2022
653444323,918918918,12/17/2022
653663231,567567567,4/18/2022
97658321,647392954,4/19/2022
345432657,758463729,5/21/2022
986465787,987032647,3/5/2022
878896567,101010101,12/10/2022
986544567,676767676,2/15/2022
876545674,645645645,5/18/2022
456765547,343434565,1/25/2022
234567892,111100000,1/26/2021
875673422,444455555,4/7/2019
987567842,353562728,6/6/2019
765456312,888777990,12/10/2019
887564322,646666665,6/30/2019
987654692,999900087,6/12/2019
675123452,444433337,12/11/2019
563212652,884477261,4/30/2019
875345652,665433277,12/13/2019
323156322,123499999,5/10/2019
765346323,375738201,12/15/2019
653444322,876500112,12/16/2019
653663232,375720105,12/17/2019
97658322,462575610,12/18/2019
345432652,999998888,12/19/2019
986465782,766575869,12/21/2019
878896562,756483925,12/5/2012
986544562,163764859,12/10/2019
876545672,237509315,4/15/2019
456765542,101010101,4/18/2019
234567895,676767676,3/25/2019
875673425,645645645,1/26/2019
987567845,343434565,4/12/2019
765456315,111100000,5/15/2019
878654435,444455555,4/7/2020
887564325,353562728,4/8/2020
987654695,888777990,6/30/2020
675123455,354627189,5/11/2020
563212655,646666665,4/11/2020
875345655,999900087,12/12/2020
32315632,101010101,12/13/2020
765346325,676767676,12/10/2020
653444325,645645645,12/15/2020
653663235,343434565,12/16/2020
97658325,111100000,12/17/2020
345432655,444455555,12/18/2020
986465785,353562728,12/19/2020
878896565,888777990,12/21/2020
986544565,354627189,3/5/2020
876545675,646666665,11/10/2020
456765545,999900087,12/15/2020
234567897,999887777,12/18/2020
875673427,987654321,12/20/2020
987567847,666884444,1/26/2020
765456317,453453453,5/18/2020
87865443,987987987,1/25/2022
887564327,888665555,6/26/2021
987654697,888866666,1/26/2021
675123457,987987987,5/5/2021
563212658,888665555,4/6/2021
87534565,888866666,6/7/2021
323156328,565656565,5/8/2021
765346328,123123123,11/30/2021
65344432,909090909,11/11/2021
65366323,918918918,11/11/2021
9765832,567567567,11/12/2021
34543265,647392954,11/13/2022
98646578,758463729,11/10/2021
87889656,987032647,12/15/2021
986544568,101010101,12/16/2021
876545678,676767676,12/17/2021
45676554,645645645,12/18/2021
37947392,343434565,12/19/2021
19284854,111100000,12/21/2021
84762109,444455555,12/5/2021
10099928,353562728,12/10/2021
11110022,888777990,12/15/2021
1029222,354627189,12/18/2021
66647332,353562728,1/25/2021
